{"Images/Buy.png":["Images/Buy.png"],"Images/Community.png":["Images/Community.png"],"Images/Tutors.png":["Images/Tutors.png"],"Images/Videos.png":["Images/Videos.png"],"packages/open_iconic_flutter/assets/open-iconic.woff":["packages/open_iconic_flutter/assets/open-iconic.woff"],"packages/flutter_inappwebview/t_rex_runner/t-rex.css":["packages/flutter_inappwebview/t_rex_runner/t-rex.css"],"packages/flutter_inappwebview/t_rex_runner/t-rex.html":["packages/flutter_inappwebview/t_rex_runner/t-rex.html"]}